{"cameraMode":{"drawMode":0,"name":"Shaded","section":"Shading Mode"},"sceneLighting":false,"audioPlay":false,"sceneViewState":{"m_AlwaysRefresh":false,"showFog":true,"showSkybox":true,"showFlares":true,"showImageEffects":true,"showParticleSystems":true,"showVisualEffectGraphs":true,"m_FxEnabled":true},"in2DMode":false,"pivot":{"x":538.5721435546875,"y":1.1572725772857667,"z":-478.10675048828127},"rotation":{"x":-0.09304662048816681,"y":-0.8517324924468994,"z":0.16187241673469544,"w":-0.48960432410240176},"size":11.685094833374024,"orthographic":false}