{"cameraMode":{"drawMode":0,"name":"Shaded","section":"Shading Mode"},"sceneLighting":true,"audioPlay":false,"sceneViewState":{"m_AlwaysRefresh":false,"showFog":true,"showSkybox":true,"showFlares":true,"showImageEffects":true,"showParticleSystems":true,"showVisualEffectGraphs":true,"m_FxEnabled":true},"in2DMode":false,"pivot":{"x":0.8484581112861633,"y":1.3907636404037476,"z":0.6465065479278565},"rotation":{"x":-0.13315583765506745,"y":-0.6595693826675415,"z":0.12014591693878174,"w":-0.7300265431404114},"size":0.9008142948150635,"orthographic":false}