{"cameraMode":{"drawMode":0,"name":"Shaded","section":"Shading Mode"},"sceneLighting":true,"audioPlay":false,"sceneViewState":{"m_AlwaysRefresh":false,"showFog":true,"showSkybox":true,"showFlares":true,"showImageEffects":true,"showParticleSystems":true,"showVisualEffectGraphs":true,"m_FxEnabled":true},"in2DMode":false,"pivot":{"x":27.477001190185548,"y":-0.3738698959350586,"z":13.46556282043457},"rotation":{"x":0.31391283869743349,"y":-0.07679328322410584,"z":0.02548401802778244,"w":0.9460005164146423},"size":35.056209564208987,"orthographic":false}