{"cameraMode":{"drawMode":0,"name":"Shaded","section":"Shading Mode"},"sceneLighting":true,"audioPlay":false,"sceneViewState":{"m_AlwaysRefresh":false,"showFog":true,"showSkybox":true,"showFlares":true,"showImageEffects":true,"showParticleSystems":true,"showVisualEffectGraphs":true,"m_FxEnabled":true},"in2DMode":false,"pivot":{"x":4.955677032470703,"y":0.968948245048523,"z":0.6643480062484741},"rotation":{"x":0.2950608432292938,"y":0.053276024758815768,"z":-0.016480786725878717,"w":0.9538515210151672},"size":0.3345353603363037,"orthographic":false}