{"cameraMode":{"drawMode":0,"name":"Shaded","section":"Shading Mode"},"sceneLighting":true,"audioPlay":false,"sceneViewState":{"m_AlwaysRefresh":false,"showFog":true,"showSkybox":true,"showFlares":true,"showImageEffects":true,"showParticleSystems":true,"showVisualEffectGraphs":true,"m_FxEnabled":true},"in2DMode":false,"pivot":{"x":-0.5534791946411133,"y":1.2900598049163819,"z":-0.05524873733520508},"rotation":{"x":-0.07547202706336975,"y":-0.8684181571006775,"z":0.1395372748374939,"w":-0.4698002338409424},"size":3.0462100505828859,"orthographic":false}