{"cameraMode":{"drawMode":0,"name":"Shaded","section":"Shading Mode"},"sceneLighting":true,"audioPlay":false,"sceneViewState":{"m_AlwaysRefresh":false,"showFog":true,"showSkybox":true,"showFlares":true,"showImageEffects":true,"showParticleSystems":true,"showVisualEffectGraphs":true,"m_FxEnabled":true},"in2DMode":false,"pivot":{"x":-1.148239254951477,"y":1.5560497045516968,"z":-0.3686089515686035},"rotation":{"x":-0.07966696470975876,"y":0.9183146357536316,"z":-0.30412647128105166,"w":-0.2405579537153244},"size":1.3895999193191529,"orthographic":false}