{"cameraMode":{"drawMode":0,"name":"Shaded","section":"Shading Mode"},"sceneLighting":true,"audioPlay":false,"sceneViewState":{"m_AlwaysRefresh":false,"showFog":true,"showSkybox":true,"showFlares":true,"showImageEffects":true,"showParticleSystems":true,"showVisualEffectGraphs":true,"m_FxEnabled":true},"in2DMode":false,"pivot":{"x":-13.323283195495606,"y":-0.970649242401123,"z":-14.996051788330079},"rotation":{"x":0.15369951725006104,"y":0.36890122294425967,"z":-0.06199613958597183,"w":0.9145743250846863},"size":4.169308662414551,"orthographic":false}